"SKID","SKName","ContactNum","DOB","Email"
"SK100","SKA","100","2020-01-05","aaa@gmail.com"
"SK101","SKB","101","2020-01-10","aab@gmail.com"
"SK102","SKC","102","2020-01-15","aac@gmail.com"
"SK103","SKD","103","2020-01-20","aad@gmail.com"
"SK104","SKE","104","2020-01-25","aae@gmail.com"
"SK105","SKF","105","2020-01-30","aaf@gmail.com"
"SK106","SKG","106","2020-02-05","aag@gmail.com"
"SK107","SKH","107","2020-02-10","aah@gmail.com"
"SK108","SKI","108","2020-02-15","aai@gmail.com"
"SK109","SKJ","109","2020-02-20","aaj@gmail.com"
"SK110","SKK","110","2020-02-25","aak@gmail.com"
"SK111","SKA","100","2020-01-05","aaa@gmail.com"
"SK112","SKB","101","2020-01-10","aab@gmail.com"
"SK113","SKC","102","2020-01-15","aac@gmail.com"
"SK114","SKD","103","2020-01-20","aad@gmail.com"
"SK115","SKE","104","2020-01-25","aae@gmail.com"
"SK116","SKF","105","2020-01-30","aaf@gmail.com"
"SK117","SKG","106","2020-02-05","aag@gmail.com"
"SK118","SKH","107","2020-02-10","aah@gmail.com"
"SK119","SKI","108","2020-02-15","aai@gmail.com"
"SK120","SKJ","109","2020-02-20","aaj@gmail.com"
"SK121","SKK","110","2020-02-25","aak@gmail.com"
"SK122","SKL","111","2020-02-03","aal@gmail.com"
"SK123","SKM","112","2020-03-05","aam@gmail.com"
"SK124","SKN","113","2020-03-10","aan@gmail.com"
"SK125","SKO","114","2020-03-15","aao@gmail.com"
"SK126","SKP","115","2020-03-20","aap@gmail.com"
"SK127","SKQ","116","2020-03-25","aaq@gmail.com"
"SK128","SKR","117","2020-03-30","aar@gmail.com"
"SK129","SKS","118","2020-04-05","aas@gmail.com"
"SK130","SKT","119","2020-04-10","aat@gmail.com"
"SK131","SKU","120","2020-04-15","aau@gmail.com"
"SK132","SKV","121","2020-04-20","aav@gmail.com"
"SK133","SKW","122","2020-04-25","aaw@gmail.com"
"SK134","SKX","123","2020-04-30","aax@gmail.com"
"SK135","SKY","124","2020-05-05","aay@gmail.com"
"SK136","SKZ","125","2020-05-10","aaz@gmail.com"
"SK137","SBA","126","2020-05-15","aba@gmail.com"
"SK138","SBB","127","2020-05-20","abb@gmail.com"
"SK139","SBC","128","2020-05-25","abc@gmail.com"
"SK140","SBD","129","2020-05-30","abd@gmail.com"
